<?xml version="1.0" encoding="UTF-8"?>
<xmlaConnection exportedWithPermissions="true">
    <folder>/analysis/connections</folder>
    <name>FoodmartXmlaConnection</name>
    <version>0</version>
    <label>Foodmart XML/A Connection</label>
    <description>Foodmart XML/A Connection</description>
    <creationDate>2023-04-26T04:24:16.000-07:00</creationDate>
    <updateDate>2023-04-26T04:24:16.000-07:00</updateDate>
    <connectionURL>http://localhost:8080/jasperserver/xmla</connectionURL>
    <dataSource>Provider=Mondrian;DataSource=JRS</dataSource>
    <catalog>Foodmart</catalog>
    <connectionUser>jasperadmin</connectionUser>
    <connectionPassword>ENC&lt;4A52534956000000106C1561571FE07D75F291F45AFF05559CD85FD97CB950C79FB0A58354CFF04CBB&gt;</connectionPassword>
</xmlaConnection>
