<?xml version="1.0" encoding="UTF-8"?>
<xmlaConnection exportedWithPermissions="true">
    <folder>/analysis/connections</folder>
    <name>SugarCRMXmlaConnection</name>
    <version>0</version>
    <label>SugarCRM XML/A Connection</label>
    <description>SugarCRM XML/A Connection</description>
    <creationDate>2023-04-26T04:24:16.000-07:00</creationDate>
    <updateDate>2023-04-26T04:24:16.000-07:00</updateDate>
    <connectionURL>http://localhost:8080/jasperserver/xmla</connectionURL>
    <dataSource>Provider=Mondrian;DataSource=JRS</dataSource>
    <catalog>SugarCRM</catalog>
    <connectionUser>jasperadmin</connectionUser>
    <connectionPassword>ENC&lt;4A52534956000000102617AA1EE277D0FEFC0AD817C91344F18AB611F297FF9711C577766AEF7179E8&gt;</connectionPassword>
</xmlaConnection>
