<?xml version="1.0" encoding="UTF-8"?>
<export><property name="keyalias" value="373d1cd7-fac1-4a7a-a053-6d3b666d5e35"/><module id="tenants"><organization>organizations</organization></module><module id="authority"><user>jasperadmin</user><user>anonymousUser</user><role>EXTERNAL_TEST_ROLE_2</role><role>EXTERNAL_TEST_ROLE_1</role><role>ROLE_ADMINISTRATOR</role><role>ROLE_USER</role><role>ROLE_ANONYMOUS</role></module><module id="repositoryResources"><folder>/</folder></module><module id="calendars"><calendar>New Years Days</calendar></module><module id="reportJobs"/><module id="favorites"/><property name="pathProcessorId" value="zip"/><property name="rootTenantId" value="organizations"/><property name="jsVersion" value="7.5.0 CE"/><property name="encrypted" value="4A5253495600000010707E5283C65E696FDE03A391679109FB591FA9713503D2A5F3853CA668CABC34"/></export>