<?xml version="1.0" encoding="UTF-8"?>
<fileResource exportedWithPermissions="true" dataFile="disclosure_indicators_icons_sprite@2x.png.data">
    <folder>/themes/pods_summer/images</folder>
    <name>disclosure_indicators_icons_sprite@2x.png</name>
    <version>0</version>
    <label>disclosure_indicators_icons_sprite@2x.png</label>
    <creationDate>2023-04-26T04:24:06.000-07:00</creationDate>
    <updateDate>2023-04-26T04:24:06.000-07:00</updateDate>
    <fileType>img</fileType>
</fileResource>
